,model_power,model_power_max,numMods,numStrings,ref_power,stats,system_scale,trial,mismatch_loss,mismatch_loss_pmax,indices
0,7978.167455430771,7978.180088159877,8,3,7979.055559239332,"{0: {'vmp_p50': 53.98693717546387, 'imp_p50': 6.112439079981878, 'vmp_std': 0.20452374383591787, 'imp_std': 0.014303786520470402}, 1: {'vmp_p50': 53.0809259080734, 'imp_p50': 6.092604932647898, 'vmp_std': 0.4711698159175751, 'imp_std': 0.017792259355563486}, 2: {'vmp_p50': 53.57550924573303, 'imp_p50': 6.12732779622413, 'vmp_std': 0.33332851474055364, 'imp_std': 0.007874314516883913}}",Residential,0,-0.01113043770615996,-0.010972114092386603,"[array([20, 60, 85, 89, 36, 68, 81, 64]), array([80, 24, 42, 89,  3, 65, 12, 77]), array([70,  3, 20, 48, 45, 72, 97, 62])]"
1,7976.898627983044,7976.9099778287,8,3,7977.772119143268,"{0: {'vmp_p50': 53.77581889390203, 'imp_p50': 6.111046585095711, 'vmp_std': 0.289396414231155, 'imp_std': 0.014321044370062277}, 1: {'vmp_p50': 53.62348535777936, 'imp_p50': 6.105447607598866, 'vmp_std': 0.3642262278692484, 'imp_std': 0.018802495090611986}, 2: {'vmp_p50': 53.83275157062105, 'imp_p50': 6.1089457246402254, 'vmp_std': 0.205726859366436, 'imp_std': 0.014704786616194837}}",Residential,1,-0.010949061306578812,-0.010806792945358624,"[array([63, 29, 20, 14, 69, 58, 93, 34]), array([53, 20, 41, 62, 95, 28,  4, 51]), array([55, 75, 67, 46, 50, 22, 61, 91])]"
2,7964.91498849187,7964.923218441094,8,3,7966.264459868785,"{0: {'vmp_p50': 53.385659579155046, 'imp_p50': 6.106093179964134, 'vmp_std': 0.3843446992966899, 'imp_std': 0.037759937493553324}, 1: {'vmp_p50': 53.542084693993786, 'imp_p50': 6.104418147671153, 'vmp_std': 0.27262659013632007, 'imp_std': 0.013542520991388637}, 2: {'vmp_p50': 53.58859469995282, 'imp_p50': 6.108939395868675, 'vmp_std': 0.3582865511489587, 'imp_std': 0.016577592612325512}}",Residential,2,-0.016939826485967424,-0.01683651646825904,"[array([62,  9, 82, 10, 85, 84, 41,  2]), array([55,  5, 39, 21,  4, 26, 18, 25]), array([88, 35, 46, 59, 53, 74, 92, 98])]"
3,7988.604710754581,7988.621529026473,8,3,7989.3942840351,"{0: {'vmp_p50': 53.59312853243864, 'imp_p50': 6.121862701190778, 'vmp_std': 0.2798077391353809, 'imp_std': 0.0094939441589916}, 1: {'vmp_p50': 53.756915350370676, 'imp_p50': 6.130068808828007, 'vmp_std': 0.2612672605337145, 'imp_std': 0.02227186149801533}, 2: {'vmp_p50': 53.963823277285314, 'imp_p50': 6.117746877064281, 'vmp_std': 0.22822308333015542, 'imp_std': 0.011694452080515833}}",Residential,3,-0.009882767734931812,-0.009672260263479478,"[array([ 7, 59, 95, 98, 40, 71, 68, 35]), array([50, 10,  4, 79, 95, 67, 35, 42]), array([87, 50, 83, 92, 52, 97, 24,  8])]"
4,7984.357227854855,7984.377702905382,8,3,7985.504654312986,"{0: {'vmp_p50': 53.78688964508656, 'imp_p50': 6.10842070971138, 'vmp_std': 0.1369230825892641, 'imp_std': 0.01698616491275813}, 1: {'vmp_p50': 54.05431113015103, 'imp_p50': 6.1241701495646215, 'vmp_std': 0.18972892889513598, 'imp_std': 0.009244440834237611}, 2: {'vmp_p50': 53.92025377676295, 'imp_p50': 6.120921336240905, 'vmp_std': 0.2642751158892694, 'imp_std': 0.009758146493454162}}",Residential,4,-0.014368865936487623,-0.014112463224164732,"[array([54, 89, 22, 30, 67, 46, 15, 18]), array([70, 62, 81, 34,  5,  4, 24, 16]), array([63, 54,  7, 78, 92, 11, 42, 66])]"
5,7995.193729725492,7995.212601540819,8,3,7995.579344065057,"{0: {'vmp_p50': 53.768051098835784, 'imp_p50': 6.119010854755766, 'vmp_std': 0.23078973334981578, 'imp_std': 0.010800610521170477}, 1: {'vmp_p50': 53.832594530993916, 'imp_p50': 6.112819090924714, 'vmp_std': 0.24887433221018246, 'imp_std': 0.010629352349372364}, 2: {'vmp_p50': 54.00855707671225, 'imp_p50': 6.117990709660842, 'vmp_std': 0.1918989943577382, 'imp_std': 0.016558036852998944}}",Residential,5,-0.004822844261452322,-0.004586816144969869,"[array([40, 63,  2, 85, 45, 72, 80, 89]), array([93,  6, 48, 59, 89, 86, 99, 64]), array([96, 85, 33, 70, 47, 84, 75, 73])]"
6,7982.240372796553,7982.249763630938,8,3,7983.16000090052,"{0: {'vmp_p50': 53.39405704210094, 'imp_p50': 6.11487337322881, 'vmp_std': 0.3459994281778918, 'imp_std': 0.03225012471773771}, 1: {'vmp_p50': 53.603680396480804, 'imp_p50': 6.139782702797665, 'vmp_std': 0.2904033953080678, 'imp_std': 0.005732922970299979}, 2: {'vmp_p50': 53.62195689562118, 'imp_p50': 6.112195664048286, 'vmp_std': 0.3311793901248244, 'imp_std': 0.016361087286665917}}",Residential,6,-0.011519600056405977,-0.011401967009040035,"[array([82, 52, 68, 58, 63, 47, 65, 97]), array([ 7, 86, 48, 19, 98, 88, 81, 89]), array([77, 64, 65, 62, 75, 16, 58, 53])]"
7,7957.930883850537,7957.9430226389695,8,3,7959.111052518764,"{0: {'vmp_p50': 53.82936387190097, 'imp_p50': 6.130374138101656, 'vmp_std': 0.12422875076024827, 'imp_std': 0.018815751297989063}, 1: {'vmp_p50': 53.60672119087107, 'imp_p50': 6.112340419195615, 'vmp_std': 0.23737904614678415, 'imp_std': 0.02690991045480416}, 2: {'vmp_p50': 53.265460680897576, 'imp_p50': 6.121319773141891, 'vmp_std': 0.3193205319626532, 'imp_std': 0.02210830423655692}}",Residential,7,-0.014827895482799834,-0.014675381108358733,"[array([ 6, 25, 73, 67, 57, 89, 68, 79]), array([96, 71, 75, 64, 80, 27, 79, 40]), array([77, 23, 90, 36, 79, 31, 15, 35])]"
8,7973.153785049702,7973.163511544711,8,3,7974.062674335795,"{0: {'vmp_p50': 53.5659859390785, 'imp_p50': 6.121751992633098, 'vmp_std': 0.36965340400936075, 'imp_std': 0.009868731066714369}, 1: {'vmp_p50': 53.088803644278876, 'imp_p50': 6.092967212881444, 'vmp_std': 0.45285089726070316, 'imp_std': 0.03127318649065227}, 2: {'vmp_p50': 53.9484000145927, 'imp_p50': 6.11095277411824, 'vmp_std': 0.23683826494958649, 'imp_std': 0.011597283146574352}}",Residential,8,-0.01139807050951428,-0.011276093853368916,"[array([91, 74, 24,  3, 40, 83,  8, 93]), array([94, 12,  9, 63, 44,  1, 14, 73]), array([50, 31, 20, 64, 69, 16, 80, 23])]"
9,7974.312120394078,7974.327607567077,8,3,7974.889229802834,"{0: {'vmp_p50': 53.59312853243864, 'imp_p50': 6.112144404238941, 'vmp_std': 0.3573102047794693, 'imp_std': 0.013087039912324993}, 1: {'vmp_p50': 53.723844607408594, 'imp_p50': 6.105561422986341, 'vmp_std': 0.29698973265632506, 'imp_std': 0.0229396484381463}, 2: {'vmp_p50': 53.752068140917956, 'imp_p50': 6.114396389664367, 'vmp_std': 0.318260344510477, 'imp_std': 0.011451225818287303}}",Residential,9,-0.007236582128302835,-0.007042382904302028,"[array([16, 20, 47, 98, 40, 85, 89, 18]), array([33, 70, 10, 41, 80, 88, 52, 91]), array([56, 51, 17, 20, 40, 72, 43, 86])]"
10,8000.0588969418895,8000.067959960254,8,3,8000.672221817202,"{0: {'vmp_p50': 54.28360438443116, 'imp_p50': 6.127412156261468, 'vmp_std': 0.0501806289197124, 'imp_std': 0.009301517252817974}, 1: {'vmp_p50': 53.59982468922706, 'imp_p50': 6.119398631873522, 'vmp_std': 0.26390875852081036, 'imp_std': 0.020061113131163332}, 2: {'vmp_p50': 53.833219579154715, 'imp_p50': 6.119283400136177, 'vmp_std': 0.2309594217268241, 'imp_std': 0.011405089969712037}}",Residential,10,-0.007665916791837627,-0.0075526385807978425,"[array([ 7, 36, 21,  8, 91, 75, 71, 95]), array([99, 80, 85, 79, 25, 65, 98, 94]), array([42,  6, 89, 80, 86, 36, 16, 81])]"
11,7968.504620029588,7968.520141336794,8,3,7969.236119901833,"{0: {'vmp_p50': 53.61487431752933, 'imp_p50': 6.121907366534949, 'vmp_std': 0.2843608340834172, 'imp_std': 0.008717177466454732}, 1: {'vmp_p50': 53.2668956655417, 'imp_p50': 6.117397793359854, 'vmp_std': 0.399474149367145, 'imp_std': 0.009577807885513828}, 2: {'vmp_p50': 53.38141004376257, 'imp_p50': 6.126695191144816, 'vmp_std': 0.3951326923894933, 'imp_std': 0.02863588481636419}}",Residential,11,-0.009179046287989495,-0.00898428098084816,"[array([27, 48, 99, 63, 94, 37, 73, 60]), array([52, 45, 28, 25, 90, 66, 47,  6]), array([82, 94, 72, 27, 33, 86, 61, 24])]"
12,7949.139457718852,7949.160408307033,8,3,7949.892690890487,"{0: {'vmp_p50': 53.72126998478503, 'imp_p50': 6.114477156648262, 'vmp_std': 0.2820781386261582, 'imp_std': 0.02833858714415031}, 1: {'vmp_p50': 53.720793805996784, 'imp_p50': 6.12165098621101, 'vmp_std': 0.3007085850689, 'imp_std': 0.009955692892291432}, 2: {'vmp_p50': 53.09346353641216, 'imp_p50': 6.092703593434162, 'vmp_std': 0.36697591878914104, 'imp_std': 0.015483568858248047}}",Residential,12,-0.009474758980053297,-0.009211226011800423,"[array([17, 73, 22, 74, 51, 56,  9, 20]), array([40, 13, 78, 22, 74, 56, 97, 14]), array([44,  2, 60, 62, 25, 12, 78, 23])]"
13,7981.718379665906,7981.72488446473,8,3,7981.986484177081,"{0: {'vmp_p50': 53.72419023665423, 'imp_p50': 6.1174416157997875, 'vmp_std': 0.3425850243503545, 'imp_std': 0.009051026162618374}, 1: {'vmp_p50': 53.77527275561922, 'imp_p50': 6.1239919268176966, 'vmp_std': 0.2519681555071931, 'imp_std': 0.008557093090565196}, 2: {'vmp_p50': 53.72973327017333, 'imp_p50': 6.105571149177791, 'vmp_std': 0.2833589349772177, 'imp_std': 0.013021378091464928}}",Residential,13,-0.0033588695208552144,-0.0032773760375286952,"[array([63, 52, 74, 32, 80, 22, 11, 65]), array([45, 21, 20, 94, 25, 56, 81, 89]), array([50, 73, 78, 47, 92, 44, 41,  0])]"
14,7974.159769261068,7974.180681998058,8,3,7974.524577944801,"{0: {'vmp_p50': 53.631592819741826, 'imp_p50': 6.120714735762675, 'vmp_std': 0.322226364002528, 'imp_std': 0.015412759281718029}, 1: {'vmp_p50': 53.75123638868339, 'imp_p50': 6.118131736684983, 'vmp_std': 0.2670814877624049, 'imp_std': 0.008734629803976815}, 2: {'vmp_p50': 53.58859118198186, 'imp_p50': 6.127554130359597, 'vmp_std': 0.36872682513932753, 'imp_std': 0.009187494155651907}}",Residential,14,-0.0045746762727746915,-0.004312431962328484,"[array([62, 19, 60, 53, 71, 11, 50, 43]), array([38, 15, 89, 47, 66, 61, 88, 55]), array([38, 98, 54, 99, 36, 63, 84, 77])]"
15,7946.477608343474,7946.485002779629,8,3,7947.752695169667,"{0: {'vmp_p50': 53.26330672078248, 'imp_p50': 6.114259740533762, 'vmp_std': 0.3870189388133841, 'imp_std': 0.008599104455177775}, 1: {'vmp_p50': 53.527221718638316, 'imp_p50': 6.104517478584465, 'vmp_std': 0.24025931518963256, 'imp_std': 0.010036626697585475}, 2: {'vmp_p50': 53.940163951839466, 'imp_p50': 6.121001383630746, 'vmp_std': 0.22305703713616243, 'imp_std': 0.011022349082878824}}",Residential,15,-0.01604336313796825,-0.0159503250624358,"[array([51, 27, 73, 90, 26, 49, 47,  3]), array([27, 15, 17, 77, 58, 56, 52, 39]), array([76, 26, 89, 35, 42, 37, 91, 11])]"
16,7966.071402778919,7966.086515995633,8,3,7967.599087527025,"{0: {'vmp_p50': 53.75675461387738, 'imp_p50': 6.111368579859615, 'vmp_std': 0.24195126033231834, 'imp_std': 0.023664201355184187}, 1: {'vmp_p50': 53.26899318644211, 'imp_p50': 6.105939441778156, 'vmp_std': 0.38466824892944723, 'imp_std': 0.014043039308583437}, 2: {'vmp_p50': 53.53366252457664, 'imp_p50': 6.1043819911682995, 'vmp_std': 0.2515424916936487, 'imp_std': 0.035367945213932404}}",Residential,16,-0.01917371508435834,-0.018984031635833298,"[array([67,  8, 24, 38, 69, 34, 79, 33]), array([41,  6, 57, 21, 37, 90, 97, 88]), array([ 2, 83, 79, 31, 39, 22, 69,  9])]"
17,7980.269435070634,7980.2902981781535,8,3,7981.383134473717,"{0: {'vmp_p50': 53.6185103931584, 'imp_p50': 6.126636439731731, 'vmp_std': 0.25480735961755235, 'imp_std': 0.011016821424815713}, 1: {'vmp_p50': 53.62643510875319, 'imp_p50': 6.111284166933711, 'vmp_std': 0.25875929049724816, 'imp_std': 0.02296629533063555}, 2: {'vmp_p50': 53.7609051241235, 'imp_p50': 6.124110038758033, 'vmp_std': 0.26257480075886763, 'imp_std': 0.017286183511885454}}",Residential,17,-0.013953714341474004,-0.013692317198049371,"[array([23, 27, 95, 50,  7,  5, 76, 49]), array([40, 68, 49, 86, 77, 69, 79, 38]), array([71, 42, 10, 91, 44, 92, 14, 34])]"
18,7981.529526911739,7981.549483442792,8,3,7982.319839272448,"{0: {'vmp_p50': 53.63298162843142, 'imp_p50': 6.121934042168223, 'vmp_std': 0.2693200184809063, 'imp_std': 0.009053956139638168}, 1: {'vmp_p50': 53.594314958072246, 'imp_p50': 6.115312230514529, 'vmp_std': 0.3314905478363108, 'imp_std': 0.026840593306408384}, 2: {'vmp_p50': 53.9484000145927, 'imp_p50': 6.111267721841819, 'vmp_std': 0.1848556515569277, 'imp_std': 0.015357682545104655}}",Residential,18,-0.009900785443613037,-0.009650776280174671,"[array([60, 83, 44, 95, 77, 72, 35, 62]), array([97,  0, 93, 24,  9, 58, 35, 98]), array([86, 72, 23, 69, 36, 89, 37, 31])]"
19,7976.453131217357,7976.472730887787,8,3,7979.227679431158,"{0: {'vmp_p50': 53.087574873647426, 'imp_p50': 6.092324690084404, 'vmp_std': 0.4410612108716452, 'imp_std': 0.0365801584179305}, 1: {'vmp_p50': 53.38660880471348, 'imp_p50': 6.121919175754551, 'vmp_std': 0.3045975601101654, 'imp_std': 0.0300393346149743}, 2: {'vmp_p50': 54.06541052299587, 'imp_p50': 6.120903748130238, 'vmp_std': 0.17755249915456764, 'imp_std': 0.011097001840860831}}",Residential,19,-0.03477213992719916,-0.03452650624912899,"[array([10, 69, 93, 89, 49, 12,  9, 60]), array([82, 17, 66, 75, 60, 55, 43, 38]), array([81, 45, 87, 63, 11, 86, 21, 19])]"
20,7967.886913394366,7967.899767722383,8,3,7968.772685638156,"{0: {'vmp_p50': 53.2668956655417, 'imp_p50': 6.124492670038825, 'vmp_std': 0.3844329125911729, 'imp_std': 0.026975264904937814}, 1: {'vmp_p50': 53.720738186642976, 'imp_p50': 6.1267768181695565, 'vmp_std': 0.3234222653138702, 'imp_std': 0.009907037412991466}, 2: {'vmp_p50': 53.56135559236914, 'imp_p50': 6.111587047280537, 'vmp_std': 0.30908985385463483, 'imp_std': 0.011607427511151716}}",Residential,20,-0.011115541611396256,-0.010954232856282399,"[array([90, 37, 84, 17, 28, 89,  9, 96]), array([45, 86, 22, 38, 21, 74, 48, 36]), array([99, 98, 97, 73, 87,  3, 69, 57])]"
21,7967.290733117697,7967.309953130691,8,3,7968.271853892587,"{0: {'vmp_p50': 53.72383133305263, 'imp_p50': 6.105614971617725, 'vmp_std': 0.2847237864995085, 'imp_std': 0.017064594025366704}, 1: {'vmp_p50': 53.67594306272172, 'imp_p50': 6.114926921860194, 'vmp_std': 0.2512227664378468, 'imp_std': 0.008718874154177863}, 2: {'vmp_p50': 53.079670011172176, 'imp_p50': 6.092087883112494, 'vmp_std': 0.47618445530250203, 'imp_std': 0.02907445770283771}}",Residential,21,-0.01231284264493914,-0.012071635851966913,"[array([80,  7,  6,  8, 83, 76, 41, 38]), array([45, 99, 73, 72, 58, 80, 49, 28]), array([ 2, 39, 12, 79, 78,  0, 21, 70])]"
22,7961.948263168642,7961.955647425244,8,3,7962.415054330429,"{0: {'vmp_p50': 53.27257590840555, 'imp_p50': 6.128218943450928, 'vmp_std': 0.4435880766358215, 'imp_std': 0.018992293063242315}, 1: {'vmp_p50': 53.56256562019131, 'imp_p50': 6.127509055906934, 'vmp_std': 0.351370675630724, 'imp_std': 0.006208011235341136}, 2: {'vmp_p50': 53.26330672078248, 'imp_p50': 6.105691353216504, 'vmp_std': 0.48677564030695974, 'imp_std': 0.013281812967034451}}",Residential,22,-0.00586243192048041,-0.005769693014617448,"[array([84, 59, 54, 90, 79, 32, 87,  6]), array([ 6, 59, 77, 38, 61,  3, 84, 72]), array([70, 31,  3, 16, 41, 93, 90, 25])]"
23,7979.373251486415,7979.378278526315,8,3,7980.172392103174,"{0: {'vmp_p50': 53.56828939628169, 'imp_p50': 6.11897961525877, 'vmp_std': 0.3386489007282132, 'imp_std': 0.02750537977805408}, 1: {'vmp_p50': 53.727283383063885, 'imp_p50': 6.10600028027206, 'vmp_std': 0.30196777534153196, 'imp_std': 0.012392341437549867}, 2: {'vmp_p50': 53.75001611209112, 'imp_p50': 6.121525510347184, 'vmp_std': 0.30854986282742414, 'imp_std': 0.01664891563865297}}",Residential,23,-0.010014077108787196,-0.009951082982185848,"[array([75, 91, 11, 22,  3,  9, 80,  5]), array([85, 63, 35, 66, 84, 41, 26, 22]), array([42, 71, 38, 25, 31, 84, 10, 13])]"
24,7987.801078967992,7987.819237769462,8,3,7988.961103942842,"{0: {'vmp_p50': 53.60218384041429, 'imp_p50': 6.126633836515627, 'vmp_std': 0.34826603275795837, 'imp_std': 0.020561956762961915}, 1: {'vmp_p50': 53.793030573849535, 'imp_p50': 6.11528173139416, 'vmp_std': 0.25015054032264517, 'imp_std': 0.016174545352887426}, 2: {'vmp_p50': 54.02856055780471, 'imp_p50': 6.111252927436714, 'vmp_std': 0.19909027343326074, 'imp_std': 0.012905356552575992}}",Residential,24,-0.014520348262521406,-0.014293049603359408,"[array([78, 79, 27,  7, 63,  6, 19, 77]), array([96, 42, 32, 15, 89, 58, 95, 30]), array([92, 86, 69, 11, 33, 19, 55, 71])]"
25,7958.075662462097,7958.097074335157,8,3,7959.795641184989,"{0: {'vmp_p50': 53.380917045788344, 'imp_p50': 6.1109472541824, 'vmp_std': 0.29588339347340903, 'imp_std': 0.03501957178180858}, 1: {'vmp_p50': 53.389242301118486, 'imp_p50': 6.112296596755681, 'vmp_std': 0.3371452126567143, 'imp_std': 0.03194501513677355}, 2: {'vmp_p50': 53.532476098943036, 'imp_p50': 6.104608685100409, 'vmp_std': 0.312761392300076, 'imp_std': 0.014911456410887413}}",Residential,25,-0.02160832765595828,-0.021339327369703787,"[array([96, 52, 82, 38,  7, 98, 69, 18]), array([30, 64, 82,  6, 67, 91, 48, 47]), array([49, 25, 78, 40, 76, 39, 63, 52])]"
26,7965.314581351341,7965.334755333645,8,3,7965.777265284113,"{0: {'vmp_p50': 53.27281845749341, 'imp_p50': 6.108384553208526, 'vmp_std': 0.4354453583021983, 'imp_std': 0.018115120489888677}, 1: {'vmp_p50': 53.26899318644211, 'imp_p50': 6.1057922112343, 'vmp_std': 0.42272878256877444, 'imp_std': 0.011815308295342122}, 2: {'vmp_p50': 53.76754131771611, 'imp_p50': 6.1088383894465865, 'vmp_std': 0.27872220477319776, 'imp_std': 0.011197471287439129}}",Residential,26,-0.005808396561481679,-0.005555138384252609,"[array([90, 20, 19,  0, 69, 16, 46, 64]), array([30, 92, 34, 66, 22, 41, 71, 90]), array([ 2, 68, 65, 46, 63, 88, 35, 56])]"
27,7979.670747169151,7979.671444308305,8,3,7981.513464051597,"{0: {'vmp_p50': 53.97542658166554, 'imp_p50': 6.112402006389289, 'vmp_std': 0.2656043651593201, 'imp_std': 0.014728538132219011}, 1: {'vmp_p50': 53.79079431206641, 'imp_p50': 6.112486625176857, 'vmp_std': 0.2728151386837015, 'imp_std': 0.028656261017898848}, 2: {'vmp_p50': 53.38212707361051, 'imp_p50': 6.108757622462691, 'vmp_std': 0.388181095182129, 'imp_std': 0.032492398480392794}}",Residential,27,-0.023087311582520767,-0.0230785771594425,"[array([64, 11,  8, 67, 68, 17, 91, 93]), array([ 9, 19, 76, 92, 35, 42, 49, 18]), array([40, 45, 97, 77, 82, 46, 92, 54])]"
28,7951.1470577364125,7951.157873208973,8,3,7951.763261304059,"{0: {'vmp_p50': 53.720738186642976, 'imp_p50': 6.126850663012377, 'vmp_std': 0.2978397864349215, 'imp_std': 0.006205136402310321}, 1: {'vmp_p50': 53.08809339743352, 'imp_p50': 6.092681314246677, 'vmp_std': 0.442244377585175, 'imp_std': 0.01839214152834736}, 2: {'vmp_p50': 53.53135906737345, 'imp_p50': 6.1043819911682995, 'vmp_std': 0.3084632037521126, 'imp_std': 0.019741210262046636}}",Residential,28,-0.007749269531762919,-0.007613256018722554,"[array([78, 42,  4, 22, 30, 21, 38, 74]), array([99, 56, 66, 95, 24, 31, 12, 70]), array([96, 15, 99, 32, 39, 40, 74, 69])]"
29,7965.407205813334,7965.417842200861,8,3,7965.815826160384,"{0: {'vmp_p50': 53.611726287020886, 'imp_p50': 6.126759997126096, 'vmp_std': 0.26606592369595705, 'imp_std': 0.010843269639670205}, 1: {'vmp_p50': 53.52672872066409, 'imp_p50': 6.105140442078202, 'vmp_std': 0.3237377581267627, 'imp_std': 0.013389535005848614}, 2: {'vmp_p50': 53.605604159301485, 'imp_p50': 6.1266126413304045, 'vmp_std': 0.2844819286901562, 'imp_std': 0.014745079469131303}}",Residential,29,-0.0051296735446449675,-0.004996148143622721,"[array([55, 43, 76, 23, 27, 24, 26, 19]), array([39, 62, 89, 50, 98, 97, 72, 23]), array([74, 97, 96, 27, 72, 94, 43, 61])]"
30,7962.5384065855915,7962.53845834114,8,3,7963.65335134988,"{0: {'vmp_p50': 53.08761721864527, 'imp_p50': 6.092697759338569, 'vmp_std': 0.3727374662663839, 'imp_std': 0.018427399901014777}, 1: {'vmp_p50': 53.78525564458111, 'imp_p50': 6.117771367986311, 'vmp_std': 0.3444120599755707, 'imp_std': 0.028258637440877248}, 2: {'vmp_p50': 53.635341508331614, 'imp_p50': 6.127435044547816, 'vmp_std': 0.2387488794700836, 'imp_std': 0.010587022988409231}}",Residential,30,-0.01400041808825531,-0.013999768191205889,"[array([26, 76, 30, 43, 89, 40, 68, 12]), array([34, 73, 15,  9, 11, 22, 47, 63]), array([67,  4, 30, 26, 86, 77,  5, 44])]"
31,7969.587706473397,7969.603595307393,8,3,7970.595155139037,"{0: {'vmp_p50': 53.38212707361051, 'imp_p50': 6.112484021960753, 'vmp_std': 0.37102010674813507, 'imp_std': 0.031895724474812294}, 1: {'vmp_p50': 53.27584434912124, 'imp_p50': 6.12412924765397, 'vmp_std': 0.44511108549470285, 'imp_std': 0.00913399341025693}, 2: {'vmp_p50': 53.73127957044009, 'imp_p50': 6.105561422986341, 'vmp_std': 0.2106671258945287, 'imp_std': 0.01229436366090798}}",Residential,31,-0.012639566381574603,-0.012440223249885156,"[array([ 7, 22, 96, 59, 82, 92, 18, 77]), array([78, 90, 17, 87, 63, 34,  1, 93]), array([ 5, 52, 44, 85, 30, 59, 65, 41])]"
32,7985.0370056452975,7985.045294258296,8,3,7986.548185458916,"{0: {'vmp_p50': 53.38213059158147, 'imp_p50': 6.114584491841901, 'vmp_std': 0.38849090450759943, 'imp_std': 0.03544262957851412}, 1: {'vmp_p50': 53.9436071887584, 'imp_p50': 6.1174416157997875, 'vmp_std': 0.1952960332491607, 'imp_std': 0.022184048358928288}, 2: {'vmp_p50': 53.96482977842782, 'imp_p50': 6.1109472541824, 'vmp_std': 0.2158077885864126, 'imp_std': 0.01371239087679487}}",Residential,32,-0.018921563841184645,-0.018817781671390643,"[array([19, 75, 53, 72, 22, 51,  9, 82]), array([25, 72, 79,  7, 23, 52, 21, 80]), array([69, 72, 50, 52, 59, 18, 63, 86])]"
33,7946.107632116341,7946.1120683192175,8,3,7946.797779428493,"{0: {'vmp_p50': 53.26330672078248, 'imp_p50': 6.111137791611656, 'vmp_std': 0.34067751532576296, 'imp_std': 0.012191978975911334}, 1: {'vmp_p50': 53.83615185982707, 'imp_p50': 6.10842070971138, 'vmp_std': 0.268672315677726, 'imp_std': 0.01354205683290326}, 2: {'vmp_p50': 53.59430646403307, 'imp_p50': 6.130301290949635, 'vmp_std': 0.16311675267889675, 'imp_std': 0.009056305424621837}}",Residential,33,-0.00868459637841834,-0.008628772598831443,"[array([90, 40, 81, 31, 69,  3, 52, 88]), array([57, 18, 88, 31, 46, 20, 65, 60]), array([68,  5, 15, 73, 67, 98, 43, 26])]"
34,7969.995177009012,7970.014492652957,8,3,7970.673422345203,"{0: {'vmp_p50': 53.265460680897576, 'imp_p50': 6.120714735762675, 'vmp_std': 0.4427664229373043, 'imp_std': 0.0069209353988042}, 1: {'vmp_p50': 53.26546419886853, 'imp_p50': 6.121919175754551, 'vmp_std': 0.37083081880805135, 'imp_std': 0.015313408929042876}, 2: {'vmp_p50': 53.38660880471348, 'imp_p50': 6.136986093322689, 'vmp_std': 0.3630736772996657, 'imp_std': 0.02590051811426296}}",Residential,34,-0.008509260137163919,-0.008266926234845238,"[array([11, 48, 50, 90, 71, 17, 60, 77]), array([ 7, 59, 90, 99,  8, 75, 53, 60]), array([66, 91, 59, 76, 82, 38, 70, 71])]"
35,7976.740124924619,7976.760905686998,8,3,7977.3498401736215,"{0: {'vmp_p50': 53.94044311478678, 'imp_p50': 6.124190086147874, 'vmp_std': 0.20481631158272454, 'imp_std': 0.009387263789953627}, 1: {'vmp_p50': 53.75675461387738, 'imp_p50': 6.1127026994291604, 'vmp_std': 0.19024948649798573, 'imp_std': 0.022615125644559416}, 2: {'vmp_p50': 53.72759052586025, 'imp_p50': 6.111267721841819, 'vmp_std': 0.23887862838080393, 'imp_std': 0.013850347249590915}}",Residential,35,-0.007643080236150264,-0.007382583168884057,"[array([ 7, 68, 57, 73, 35, 34,  5, 72]), array([44,  7, 38, 79, 64, 71, 67, 26]), array([69, 24,  5, 74,  0, 31, 25, 72])]"
36,7981.098931446787,7981.0985156485285,8,3,7981.615233353502,"{0: {'vmp_p50': 53.673447922757305, 'imp_p50': 6.117397793359854, 'vmp_std': 0.25016720876933235, 'imp_std': 0.013272259376360285}, 1: {'vmp_p50': 53.971483668832825, 'imp_p50': 6.11774001429777, 'vmp_std': 0.1696735061119921, 'imp_std': 0.012470589708638982}, 2: {'vmp_p50': 53.265460680897576, 'imp_p50': 6.124100572775418, 'vmp_std': 0.41808560709788745, 'imp_std': 0.009454675020175125}}",Residential,36,-0.006468639387143415,-0.006473848837189759,"[array([55, 52, 47, 28, 60, 99,  8,  7]), array([88, 84, 52, 37, 49, 36, 91, 25]), array([34, 26, 71, 77, 83, 72, 90,  1])]"
37,7982.336271137494,7982.340175164207,8,3,7982.903755975738,"{0: {'vmp_p50': 53.72337168304798, 'imp_p50': 6.117716215896443, 'vmp_std': 0.258255759123018, 'imp_std': 0.012590164096777582}, 1: {'vmp_p50': 54.05407680933077, 'imp_p50': 6.132863254052818, 'vmp_std': 0.15163645235550896, 'imp_std': 0.008347675070990938}, 2: {'vmp_p50': 53.533013399921344, 'imp_p50': 6.104608685100409, 'vmp_std': 0.3804571973284076, 'imp_std': 0.015931510025512005}}",Residential,37,-0.007108752098123774,-0.007059847253066683,"[array([ 6, 52, 25, 73, 21, 67, 63, 74]), array([91, 63, 65,  0, 68, 36, 81, 71]), array([72, 39, 85, 52, 48, 11, 81, 29])]"
38,7979.16800064511,7979.1881228590655,8,3,7980.251022602762,"{0: {'vmp_p50': 53.38212707361051, 'imp_p50': 6.127469233588667, 'vmp_std': 0.36731834236334615, 'imp_std': 0.02861146428459586}, 1: {'vmp_p50': 53.62712502457032, 'imp_p50': 6.1311095690954875, 'vmp_std': 0.3474067193244686, 'imp_std': 0.0239180837148791}, 2: {'vmp_p50': 53.59307291308483, 'imp_p50': 6.121122638646276, 'vmp_std': 0.3540059908959024, 'imp_std': 0.015666181444914568}}",Residential,38,-0.013571276825558809,-0.013319126687689607,"[array([ 0, 57, 77, 25, 73, 91, 82, 13]), array([29,  4, 24, 84, 53,  9, 55, 14]), array([26, 98, 60, 96, 93, 38, 31, 92])]"
39,7984.415000871728,7984.42114300613,8,3,7985.018980028717,"{0: {'vmp_p50': 53.564000604835435, 'imp_p50': 6.1212143985993555, 'vmp_std': 0.3443364890694266, 'imp_std': 0.011328551282611512}, 1: {'vmp_p50': 53.75300232709745, 'imp_p50': 6.129227904509267, 'vmp_std': 0.27000243814679603, 'imp_std': 0.015486588346195363}, 2: {'vmp_p50': 53.85338953405747, 'imp_p50': 6.112402006389289, 'vmp_std': 0.2846391789583174, 'imp_std': 0.01908101004962081}}",Residential,39,-0.0075639038366700755,-0.007486983112786603,"[array([73, 92,  3, 83, 55, 28,  7, 31]), array([50,  2, 32, 94, 24,  6, 10, 25]), array([60, 64, 19, 11, 22, 65, 96, 72])]"
40,7988.512383692334,7988.532718713435,8,3,7989.244710724108,"{0: {'vmp_p50': 53.59813362858846, 'imp_p50': 6.112173055176756, 'vmp_std': 0.25355389994516925, 'imp_std': 0.015050669611631767}, 1: {'vmp_p50': 54.04340492220911, 'imp_p50': 6.127541007975515, 'vmp_std': 0.1846630669821841, 'imp_std': 0.009162553697605607}, 2: {'vmp_p50': 53.59366583341695, 'imp_p50': 6.127812725561123, 'vmp_std': 0.3329246759321675, 'imp_std': 0.007690935836852187}}",Residential,40,-0.009166411322847639,-0.00891188136616663,"[array([51, 64, 43, 76, 78, 98,  0, 23]), array([24, 49, 65, 20,  0, 73, 87, 84]), array([62, 98, 50, 94, 13, 92, 89, 29])]"
41,7985.592575049394,7985.598896192574,8,3,7986.471574464518,"{0: {'vmp_p50': 53.633384443455476, 'imp_p50': 6.112264608277654, 'vmp_std': 0.2271988427847097, 'imp_std': 0.019316043356605268}, 1: {'vmp_p50': 53.75627076781314, 'imp_p50': 6.111368579859615, 'vmp_std': 0.29455296213495713, 'imp_std': 0.020991704865973394}, 2: {'vmp_p50': 53.7609051241235, 'imp_p50': 6.127025918522026, 'vmp_std': 0.20832458636554357, 'imp_std': 0.016789317940081646}}",Residential,41,-0.011006104597358532,-0.010926956463907631,"[array([18, 49, 89,  7, 31, 67, 23, 53]), array([63, 34, 69,  8, 36, 78, 10, 87]), array([66, 86, 75, 10, 23, 55, 44, 85])]"
42,8003.2747842807075,8003.293779381786,8,3,8003.690950489745,"{0: {'vmp_p50': 53.94153053256864, 'imp_p50': 6.127719825869049, 'vmp_std': 0.20709470063228694, 'imp_std': 0.011691439899396638}, 1: {'vmp_p50': 53.82851403287944, 'imp_p50': 6.127870142641307, 'vmp_std': 0.250312122519406, 'imp_std': 0.008014947932010314}, 2: {'vmp_p50': 53.82936387190097, 'imp_p50': 6.12953775974193, 'vmp_std': 0.2526304625809483, 'imp_std': 0.018163847347538335}}",Residential,42,-0.005199678643412178,-0.004962349376248138,"[array([92, 57, 70, 36, 35, 37,  2, 76]), array([78,  1,  2, 59,  0,  6, 24, 92]), array([16,  6, 79, 19, 37, 76, 57, 91])]"
43,7970.016863457031,7970.036827243512,8,3,7971.197776868396,"{0: {'vmp_p50': 53.57807814642801, 'imp_p50': 6.124110038758033, 'vmp_std': 0.3209129105440523, 'imp_std': 0.010509777799884379}, 1: {'vmp_p50': 53.529373733130384, 'imp_p50': 6.1041797394565, 'vmp_std': 0.3002730925227161, 'imp_std': 0.014514125713437308}, 2: {'vmp_p50': 53.27118445698796, 'imp_p50': 6.115251392020625, 'vmp_std': 0.3925794784136116, 'imp_std': 0.026816212035227573}}",Residential,43,-0.014814754876518049,-0.014564305859449837,"[array([72,  3, 92, 63, 36, 34, 57, 85]), array([41, 64, 99, 94, 81, 50, 28, 39]), array([62, 90, 58,  9, 85, 97, 20, 81])]"
44,7983.960755899633,7983.960567447478,8,3,7984.776710779377,"{0: {'vmp_p50': 53.385547392497706, 'imp_p50': 6.126794406280224, 'vmp_std': 0.42681609362529804, 'imp_std': 0.029453216436087667}, 1: {'vmp_p50': 53.769802548332024, 'imp_p50': 6.112439079981878, 'vmp_std': 0.20380349760891353, 'imp_std': 0.013764539196119027}, 2: {'vmp_p50': 53.59366583341695, 'imp_p50': 6.118444831126215, 'vmp_std': 0.3071576866173593, 'imp_std': 0.011499623982709616}}",Residential,44,-0.010218881620601626,-0.01022124176368511,"[array([82, 44, 74,  8, 42, 92, 70, 32]), array([23, 29, 24, 64, 22, 60,  2,  1]), array([98, 29, 91,  1, 47,  0,  7, 26])]"
45,7939.534064143789,7939.542900156132,8,3,7940.778933218718,"{0: {'vmp_p50': 53.08451485283262, 'imp_p50': 6.092795353387241, 'vmp_std': 0.3480889829125817, 'imp_std': 0.015378695780150144}, 1: {'vmp_p50': 53.079670011172176, 'imp_p50': 6.092087883112494, 'vmp_std': 0.4063974936833948, 'imp_std': 0.014334354814276664}, 2: {'vmp_p50': 53.82767281126237, 'imp_p50': 6.114480802590271, 'vmp_std': 0.23207279051197996, 'imp_std': 0.012522430180485001}}",Residential,45,-0.015676913882102413,-0.015565640008116673,"[array([28, 68, 43, 99, 89, 44, 61, 12]), array([35, 39, 73, 69, 27, 44, 13, 12]), array([43, 24, 95, 19, 51, 34,  6, 71])]"
46,7973.278322145029,7973.298439526972,8,3,7973.990046758607,"{0: {'vmp_p50': 53.83750826662186, 'imp_p50': 6.108620973332086, 'vmp_std': 0.2518835450372636, 'imp_std': 0.012815514113016615}, 1: {'vmp_p50': 53.269942412000546, 'imp_p50': 6.11151581040347, 'vmp_std': 0.37354404910140543, 'imp_std': 0.011621914604278753}, 2: {'vmp_p50': 53.757528939006484, 'imp_p50': 6.114480802590271, 'vmp_std': 0.26584259701731905, 'imp_std': 0.011953763159041777}}",Residential,46,-0.008925576899446433,-0.008673289376822617,"[array([34, 87, 21, 45, 55, 60, 46, 47]), array([70, 35, 99, 48, 81, 38, 90, 69]), array([61,  4, 38, 34, 14,  7, 54, 51])]"
47,7976.715905888478,7976.728490782402,8,3,7977.674779899395,"{0: {'vmp_p50': 53.53147125403079, 'imp_p50': 6.1041797394565, 'vmp_std': 0.3737300567802362, 'imp_std': 0.02168634112688595}, 1: {'vmp_p50': 53.72075146099894, 'imp_p50': 6.11261501929227, 'vmp_std': 0.3347642722376163, 'imp_std': 0.019648558703863755}, 2: {'vmp_p50': 53.723844607408594, 'imp_p50': 6.106050500973489, 'vmp_std': 0.32079262336943276, 'imp_std': 0.020851011584368473}}",Residential,47,-0.012019467293058549,-0.011861715889655615,"[array([41, 87, 39, 20, 18, 36,  1, 89]), array([10, 22, 29, 70, 64, 81, 74, 93]), array([19,  8, 41, 78, 70, 61, 88, 10])]"
48,7990.784926681004,7990.80582913134,8,3,7991.182241130016,"{0: {'vmp_p50': 53.28097320713428, 'imp_p50': 6.11488309942026, 'vmp_std': 0.3807860707504709, 'imp_std': 0.014170150058257185}, 1: {'vmp_p50': 53.830199361319096, 'imp_p50': 6.114158807826367, 'vmp_std': 0.24714342330467523, 'imp_std': 0.011495182499017683}, 2: {'vmp_p50': 53.99232633008807, 'imp_p50': 6.130311551360924, 'vmp_std': 0.2248371814145271, 'imp_std': 0.01363592156895744}}",Residential,48,-0.004971910751414897,-0.0047103418157445984,"[array([ 0, 14, 90, 47,  1, 57,  8, 58]), array([58, 20, 45, 62, 61, 42,  6, 51]), array([73, 84, 76, 13, 63, 89, 96, 97])]"
49,7991.099796747867,7991.113947421329,8,3,7992.19832768415,"{0: {'vmp_p50': 53.096023493730215, 'imp_p50': 6.092604932647898, 'vmp_std': 0.4928826532126483, 'imp_std': 0.01893558635974058}, 1: {'vmp_p50': 54.31018751726491, 'imp_p50': 6.115292293931276, 'vmp_std': 0.08976992157249312, 'imp_std': 0.010653370851803406}, 2: {'vmp_p50': 53.26995568635651, 'imp_p50': 6.117397793359854, 'vmp_std': 0.39679839002473233, 'imp_std': 0.02132321685056416}}",Residential,49,-0.013745040991762814,-0.013567984906797014,"[array([92, 80, 12, 84,  4, 97, 20, 70]), array([91, 58, 65, 85, 16, 95, 13, 70]), array([10, 52, 47, 65,  1, 90, 49, 36])]"
